{
    "version": 1,
    "channels": 1,
    "sample_rate": 44100,
    "samples_per_pixel": 1024,
    "bits": 8,
    "length": 512,
    "data": [
        0.051997966126006406,
        0.16695372535471634,
        0.06705409623583958,
        0.18930966669285645,
        0.26261609064987324,
        0.13694039052532256,
        0.1890685428156405,
        0.3360244808400642,
        0.6520874387738755,
        0.39086802045304275,
        0.6786028441845452,
        0.6599031607798386,
        0.5650078226407871,
        0.6687862156582738,
        0.6540868355689267,
        0.7671497992521692,
        0.8902608281489535,
        1.0,
        0.6351473598065714,
        0.9458463792478358,
        0.8729323734351173,
        0.9191808192671017,
        1.0,
        1.0,
        1.0,
        0.9916313157525142,
        1.0,
        0.9708207489752924,
        1.0,
        1.0,
        1.0,
        0.821201269696537,
        0.8134048862755017,
        1.0,
        0.9887466563436687,
        0.5932500984525166,
        1.0,
        0.8584856804160649,
        0.8100436022214286,
        0.8919732961811858,
        0.6478522304088354,
        0.4918943077133028,
        0.7051159748994628,
        0.5787049952657504,
        0.4823672868287831,
        0.4361699717919143,
        0.4319121107181577,
        0.2545975149410671,
        0.25252363007926454,
        0.11256651697027321,
        0.16988962553058262,
        0.07188826627213057,
        0.14579694278600205,
        0.1413993151811905,
        0.0389964347034252,
        0.3215707709030825,
        0.24193352399198392,
        0.3118582382615687,
        0.6176190993811896,
        0.3872342848836795,
        0.5870432460275289,
        0.5233591969068697,
        0.7559210289769824,
        0.5419904814698775,
        0.8434686287032767,
        0.6328802951357706,
        0.8415955691612089,
        0.8628695282002686,
        0.8973240963464253,
        0.8738541621055805,
        0.9874258033861627,
        0.8694783491420668,
        0.8983539637035738,
        1.0,
        0.927980790272912,
        0.9932125828776405,
        0.9850128281840205,
        1.0,
        1.0,
        1.0,
        1.0,
        1.0,
        0.9869469427929883,
        1.0,
        0.67485275878141,
        0.8650833892605043,
        0.8129037480619368,
        0.7437953139746734,
        0.8168250009009012,
        0.8144601272514302,
        0.5330001329509797,
        0.5437815104939822,
        0.621073293216613,
        0.5727129204990875,
        0.42175021748797537,
        0.5379489530327962,
        0.16711929184668778,
        0.5162226979586209,
        0.22007375019524816,
        0.14958042782458952,
        0.04274485728272251,
        0.10395100336556742,
        0.1276451525716204,
        0.044268425456245486,
        0.1632213247278874,
        0.17662786432588876,
        0.30236640798375214,
        0.20447247898253335,
        0.5144442831595428,
        0.24380283099738967,
        0.5025256453277225,
        0.6489628102813282,
        0.6516389412945576,
        0.587866548268626,
        0.5914012222404661,
        0.6136557798209261,
        0.7921279021524018,
        0.815974218409453,
        0.823350127097579,
        0.807722702957896,
        0.8197010216703484,
        0.9099040158534041,
        0.7913770161467577,
        1.0,
        1.0,
        1.0,
        1.0,
        1.0,
        0.8398150229116343,
        0.9597365578151651,
        0.9729886815136801,
        1.0,
        0.9050817430728252,
        0.9486068470947873,
        0.900427705392955,
        0.7096500843626325,
        0.7998279681576761,
        0.8960387166205794,
        0.7499734182659807,
        0.8064703640963745,
        0.8667047760473837,
        0.649918014780336,
        0.5213191472120466,
        0.5555356806369537,
        0.6433934004066229,
        0.349295591636899,
        0.48345279161098886,
        0.4161569963792445,
        0.22918783375238044,
        0.28632675848438355,
        0.08363547524785198,
        0.1350060506433874,
        0.136679604458245,
        0.04451591530534088,
        0.1519965482650064,
        0.03463112230283634,
        0.19074670764126755,
        0.22688925281018854,
        0.2303565394583734,
        0.32228648813723976,
        0.3282966005058373,
        0.42889210142542267,
        0.5304186119295659,
        0.6089240149803842,
        0.6642799404940403,
        0.6110743027380606,
        0.7653786392882196,
        0.6723420988414507,
        0.8300857271765913,
        0.8867992032897183,
        0.8745470929473378,
        0.9348330587286166,
        0.8812371173635192,
        0.9288834854417052,
        0.8829868125013447,
        0.8846748144606269,
        0.8961447076413378,
        0.9923369309416185,
        1.0,
        1.0,
        0.8843304921804211,
        1.0,
        1.0,
        0.9635222906118212,
        0.9973423856978538,
        0.952308633925647,
        0.8141608837120866,
        0.8222860462538717,
        0.831531546662854,
        0.7238060734810613,
        0.7486631337180663,
        0.6814212898113327,
        0.8208337387413012,
        0.7172230918009904,
        0.6041126446671022,
        0.5537400983446034,
        0.5283015175741059,
        0.5145704980793647,
        0.2650017833666863,
        0.37688836364397227,
        0.37042061495428713,
        0.17978842134535827,
        0.0316727241563603,
        0.04825460225166919,
        0.03158818280999659,
        0.03017600520015537,
        0.0012930183146198926,
        0.19921004261054218,
        0.05642284604495118,
        0.31254777183569077,
        0.30343017075584,
        0.3868346518295926,
        0.3616970738734808,
        0.6186514216903252,
        0.4658742622530856,
        0.4802624277959363,
        0.6867987963857473,
        0.8315564473808599,
        0.6267092808570791,
        0.8117846659104092,
        0.8562659902884715,
        0.9312100596428761,
        0.95672237034874,
        0.9373692475605743,
        0.8534933351862886,
        1.0,
        1.0,
        1.0,
        0.9988916328997557,
        0.9852909360884184,
        0.9184549173493146,
        1.0,
        1.0,
        1.0,
        0.9924488440350228,
        0.9721319389972873,
        0.9063780587542408,
        0.7914554263340519,
        0.8688745453840103,
        0.8275333278554687,
        0.851681836529937,
        0.7421812111138654,
        0.7137079126094139,
        0.7110665582618996,
        0.7228125720704417,
        0.5933921423254893,
        0.5289403520418282,
        0.4088295938509663,
        0.3953525606662148,
        0.4132402716764434,
        0.39705899542524403,
        0.13989061949894988,
        0.24071963836318166,
        0.18566880445295936,
        0.07082411309061798,
        0.06388556154484401,
        0.09633563623250095,
        0.09571486416139047,
        0.2106977937964335,
        0.24363634175268956,
        0.28106083097954826,
        0.4035232976790387,
        0.44031092168706404,
        0.5710269417685754,
        0.4845804539606793,
        0.5203767714737972,
        0.5936338954461755,
        0.5160937063573484,
        0.8412130473187689,
        0.8419902956191136,
        0.8619448986129226,
        0.906346555211341,
        0.9542470383092995,
        0.7908053412681346,
        0.9416809234308989,
        1.0,
        0.9228145959519977,
        1.0,
        0.9337960512586485,
        0.8814763736821477,
        1.0,
        1.0,
        1.0,
        0.8406830915821148,
        0.9941200343203617,
        0.8235550723476023,
        0.8969551086657979,
        1.0,
        0.8891523245830154,
        0.9669557112429819,
        0.9228659997035624,
        0.8427905411731875,
        0.6861557967859858,
        0.83441344529453,
        0.5810813769368769,
        0.672761456666789,
        0.6261444617754302,
        0.5361869541482589,
        0.40964150220885365,
        0.5095211579020517,
